CustomerID,Customer_Lifetime_Value,Calibrated_Churn_Probability,Expected_ROI_Profit
8679-LZBMD,5898.0,0.9090909361839294,378.94546732902523
2719-BDAQO,6483.0,0.7272727489471436,327.1927385139465
1125-SNVCK,5136.0,0.9090909361839294,323.5272838592529
9647-ERGBE,4871.0,0.9090909361839294,304.2545560121536
9770-LXDBK,5868.0,0.7272727489471436,291.41091926574705
8845-LWKGE,5863.0,0.7272727489471436,291.1200101661682
9378-FXTIZ,4684.0,0.9090909361839294,290.65455560684205
6319-QSUSR,5813.0,0.7272727489471436,288.2109191703796
1086-LXKFY,5795.0,0.7272727489471436,287.16364641189574
0122-OAHPZ,5732.0,0.7333333492279053,286.2773406219482
9199-PWQVC,5764.0,0.7272727489471436,285.3600099945068
2453-SAFNS,5742.0,0.7272727489471436,284.08000995635985
1866-ZSLJM,5672.0,0.7333333492279053,282.7573405456543
7526-IVLYU,5676.0,0.7272727489471436,280.24000984191895
0723-VSOBE,5612.0,0.7272727489471436,276.51637336730954
5482-NUPNA,5611.0,0.7272727489471436,276.45819154739377
4504-YOULA,5604.0,0.7272727489471436,276.0509188079834
1029-QFBEN,5593.0,0.7272727489471436,275.4109187889099
1474-JUWSM,4456.0,0.9090909361839294,274.07273693084716
2189-WWOEW,5569.0,0.7272727489471436,274.0145551109314
1658-XUHBX,5564.0,0.7272727489471436,273.7236460113525
4942-VZZOM,5544.0,0.7272727489471436,272.5600096130371
6994-FGRHH,5514.0,0.7272727489471436,270.81455501556394
4237-CLSMM,5951.0,0.6666666865348816,267.38667612552644
9967-ATRFS,5443.0,0.7272727489471436,266.6836458015442
8778-LMWTJ,5435.0,0.7272727489471436,266.218191242218
3137-NYQQI,5429.0,0.7272727489471436,265.8691003227234
0902-RFHOF,5374.0,0.7272727489471436,262.66910022735595
9817-APLHW,5844.0,0.6666666865348816,261.68000928878786
2720-WGKHP,5357.0,0.7272727489471436,261.68000928878786
7593-XFKDI,5841.0,0.6666666865348816,261.52000928401947
1345-ZUKID,5335.0,0.7272727489471436,260.40000925064084
9617-UDPEU,5286.0,0.7272727489471436,257.54910007476803
6296-DDOOR,5272.0,0.7272727489471436,256.73455459594726
7163-OCEQI,5270.0,0.7272727489471436,256.6181909561157
6121-TNHBO,5248.0,0.7272727489471436,255.33819091796875
8035-BUYVG,5203.0,0.7272727489471436,252.72000902175904
8775-ERLNB,6469.0,0.584269642829895,252.3712255573273
8630-FJLIB,5186.0,0.7272727489471436,251.7309180831909
3191-CSNMG,5657.0,0.6666666865348816,251.706675658226
6227-HWPWX,5180.0,0.7272727489471436,251.3818271636963
0969-RGKCU,5166.0,0.7272727489471436,250.56728168487547
0594-UFTUL,5146.0,0.7272727489471436,249.40364528656005
8393-DLHGA,5610.0,0.6666666865348816,249.20000891685487
3026-ATZYV,5100.0,0.7272727489471436,246.72728157043457
7998-ZLXWN,5094.0,0.7272727489471436,246.37819065093993
4522-AKYLR,5084.0,0.7272727489471436,245.7963724517822
5647-FXOTP,5075.0,0.7272727489471436,245.27273607254028
3192-LNKRK,5533.0,0.6666666865348816,245.09334212779999
6483-OATDN,5030.0,0.7272727489471436,242.65455417633058
9667-EQRXU,4997.0,0.7272727489471436,240.7345541191101
7285-KLOTR,4995.0,0.7272727489471436,240.61819047927855
9903-LYSAB,4917.0,0.7333333492279053,238.4640062522888
6862-CQUMB,4931.0,0.7272727489471436,236.8945540046692
7434-SHXLS,4884.0,0.7272727489471436,234.1600084686279
4673-KKSLS,4867.0,0.7272727489471436,233.1709175300598
5276-KQWHG,5834.0,0.6000000238418579,230.03201112747195
0508-OOLTO,4804.0,0.7272727489471436,229.50546287536622
7615-ESMYF,4793.0,0.7272727489471436,228.8654628562927
0581-MDMPW,4764.0,0.7272727489471436,227.17819007873533
0655-RBDUG,5750.0,0.6000000238418579,226.00001096725464
8992-OBVDG,4741.0,0.7272727489471436,225.8400082206726
3957-LXOLK,5883.0,0.584269642829895,224.98066470146182
1845-CSBRZ,4692.0,0.7272727489471436,222.9890990447998
2239-CFOUJ,5828.0,0.584269642829895,222.4098782730103
2832-KJCRD,5816.0,0.584269642829895,221.84897941589355
9052-VKDUW,4664.0,0.7272727489471436,221.36000808715818
8260-NGFNY,5804.0,0.584269642829895,221.28808055877687
6633-SYEUS,5651.0,0.6000000238418579,221.24801077842716
2460-NGXBJ,4662.0,0.7272727489471436,221.24364444732663
4813-HQMGZ,5799.0,0.584269642829895,221.05437270164492
6608-QQLVK,4639.0,0.7272727489471436,219.9054625892639
5712-VBOXD,5057.0,0.6666666865348816,219.7066747045517
8535-SFUTN,5770.0,0.584269642829895,219.69886713027955
5981-ZVXOT,5601.0,0.6000000238418579,218.84801068305973
5908-QMGOE,5748.0,0.584269642829895,218.67055255889892
8710-YGLWG,5748.0,0.584269642829895,218.67055255889892
1092-GANHU,4596.0,0.7272727489471436,217.40364433288573
4750-ZRXIU,4591.0,0.7272727489471436,217.11273523330686
6179-GJPSO,5001.0,0.6666666865348816,216.72000794887543
8660-BUETV,4565.0,0.7272727489471436,215.6000079154968
2223-KAGMX,5671.0,0.584269642829895,215.07145155906682
6194-HBGQN,4548.0,0.7272727489471436,214.6109169769287
3319-DWOEP,5638.0,0.584269642829895,213.52897970199587
9359-UGBTK,4477.0,0.7272727489471436,210.48000776290894
4854-CIDCF,5561.0,0.584269642829895,209.9298787021637
6713-OKOMC,5557.0,0.584269642829895,209.74291241645813
2129-ALKBS,4458.0,0.7272727489471436,209.3745531845093
6087-MVHJH,5394.0,0.6000000238418579,208.91201028823855
6358-LYNGM,4849.0,0.6666666865348816,208.61334104061126
4163-HFTUK,5501.0,0.584269642829895,207.12538441658023
6969-MVBAI,4417.0,0.7272727489471436,206.98909856796263
5071-FBJFS,4390.0,0.7272727489471436,205.4181894302368
2609-IAICY,4369.0,0.7272727489471436,204.1963712120056
9373-WSLOY,5432.0,0.584269642829895,203.9002159881592
2240-HSJQD,4340.0,0.7272727489471436,202.50909843444822
8739-QOTTN,5365.0,0.584269642829895,200.76853070259097
3750-RNQKR,5365.0,0.584269642829895,200.76853070259097
5202-IVJNU,4292.0,0.7272727489471436,199.7163710784912
1784-BXEFA,5341.0,0.584269642829895,199.64673298835757
4054-CUMIA,4283.0,0.7272727489471436,199.19273469924926
9588-OZDMQ,5313.0,0.584269642829895,198.3379689884186
6743-HHQPF,5313.0,0.584269642829895,198.3379689884186
2604-IJPDU,4225.0,0.7333333492279053,197.86667203903198
8739-XNIKG,5274.0,0.584269642829895,196.51504770278933
2266-SJNAT,4216.0,0.7272727489471436,195.29455276489256
5843-TTHGI,5245.0,0.584269642829895,195.15954213142396
7495-OOKFY,5225.0,0.584269642829895,194.22471070289615
1383-EZRWL,4176.0,0.7272727489471436,192.96727996826172
8050-WYBND,5189.0,0.584269642829895,192.54201413154604
9210-IAHGH,4163.0,0.7272727489471436,192.2109163093567
1163-ONYEY,4160.0,0.7272727489471436,192.03637084960937
8627-EHGIP,3326.0,0.9090909361839294,191.89091629981993
7493-TPUWZ,5028.0,0.6000000238418579,191.34400959014894
3415-TAILE,4133.0,0.7272727489471436,190.46546171188353
6907-CQGPN,5137.0,0.584269642829895,190.11145241737367
8401-EMUWF,5119.0,0.584269642829895,189.27010413169862
1976-CFOCS,4103.0,0.7272727489471436,188.72000711441038
0690-SRQID,4089.0,0.7272727489471436,187.9054616355896
5858-EAFCZ,4013.0,0.7272727489471436,183.48364332199097
9611-CTWIH,4938.0,0.584269642829895,180.80987970352174
2408-PSJVE,3965.0,0.7272727489471436,180.6909159660339
1894-IGFSG,4924.0,0.584269642829895,180.15549770355227
7872-BAAZR,4910.0,0.584269642829895,179.50111570358277
3324-OIRTO,3936.0,0.7272727489471436,179.00364318847656
2081-VEYEH,4899.0,0.584269642829895,178.98695841789248
3468-DRVQJ,4895.0,0.584269642829895,178.7999921321869
0748-RDGGM,4254.0,0.6666666865348816,176.8800067615509
0519-DRGTI,4853.0,0.584269642829895,176.83684613227845
7831-QGOXH,4847.0,0.584269642829895,176.5563967037201
8947-YRTDV,4243.0,0.6666666865348816,176.29334007740022
4160-AMJTL,4235.0,0.6666666865348816,175.8666733980179
5294-DMSFH,4810.0,0.584269642829895,174.8269585609436
4315-MURBD,4779.0,0.584269642829895,173.37796984672548
0970-QXPXW,3830.0,0.7272727489471436,172.83637027740477
0096-FCPUF,4750.0,0.584269642829895,172.02246427536014
9103-TCIHJ,3812.0,0.7272727489471436,171.7890975189209
6302-JGYRJ,3804.0,0.7272727489471436,171.3236429595947
5119-KEPFY,4716.0,0.584269642829895,170.43325084686282
0634-SZPQA,4696.0,0.584269642829895,169.49841941833498
1322-AGOQM,3763.0,0.7272727489471436,168.9381883430481
6897-UUBNU,4661.0,0.584269642829895,167.86246441841126
2560-PPCHE,3734.0,0.7272727489471436,167.25091556549071
1051-GEJLJ,4620.0,0.584269642829895,165.9460599899292
6142-VSJQO,4612.0,0.584269642829895,165.57212741851808
0921-OHLVP,3670.0,0.7333333492279053,165.30667133331298
0897-FEGMU,4601.0,0.584269642829895,165.05797013282776
2632-UCGVD,6460.0,0.41428571939468384,164.10285978317262
0786-IVLAW,4553.0,0.584269642829895,162.81437470436097
6789-HJBWG,4545.0,0.584269642829895,162.44044213294984
6161-ERDGD,4539.0,0.584269642829895,162.1599927043915
2685-SREOM,4526.0,0.584269642829895,161.5523522758484
2150-WLKUW,4516.0,0.584269642829895,161.0849365615845
7649-PHJVR,3596.0,0.7272727489471436,159.22182441711425
2232-DMLXU,3591.0,0.7272727489471436,158.93091531753538
4177-JPDFU,3591.0,0.7272727489471436,158.93091531753538
4102-OQUPX,4351.0,0.6000000238418579,158.8480082988739
9809-IMGCQ,4460.0,0.584269642829895,158.46740856170655
1548-ARAGG,4457.0,0.584269642829895,158.3271838474274
4770-UEZOX,6284.0,0.41428571939468384,158.26971685409546
6583-KQJLK,4437.0,0.584269642829895,157.39235241889955
2279-AXJJK,2850.0000000000005,0.9090909361839294,157.27273344993594
5539-TMZLF,5875.0,0.4399999976158142,156.79999887943268
1422-DGUBX,4287.0,0.6000000238418579,155.7760081768036
2740-TVLFN,6161.0,0.41428571939468384,154.19314537525176
1293-HHSHJ,5790.0,0.4399999976158142,153.80799889564514
8974-OVACP,6144.0,0.41428571939468384,153.62971679687502
9661-ACXBS,2756.0,0.9090909361839294,150.43636960983275
6615-ZGEDR,3429.0,0.7272727489471436,149.5054604911804
5177-RVZNU,4267.0,0.584269642829895,149.446285276413
7435-ZNUYY,4251.0,0.584269642829895,148.6984201335907
9300-AGZNL,5989.0,0.41428571939468384,148.49257387638093
2091-RFFBA,5987.0,0.41428571939468384,148.42628816127777
1589-AGTLK,5984.0,0.41428571939468384,148.32685958862305
0750-EKNGL,4115.0,0.6000000238418579,147.52000784873962
1746-TGTWV,3391.0,0.7272727489471436,147.29455133438108
1049-FYSYG,5948.0,0.41428571939468384,147.13371671676637
3824-RHKVR,5897.0,0.41428571939468384,145.44343098163606
1472-TNCWL,3358.0,0.7272727489471436,145.37455127716063
2150-OEGBV,3350.0,0.7272727489471436,144.90909671783447
7675-OZCZG,4168.0,0.584269642829895,144.8188697052002
3594-IVHJZ,3344.0,0.7272727489471436,144.56000579833983
5553-AOINX,4157.0,0.584269642829895,144.3047124195099
1272-ILHFG,4154.0,0.584269642829895,144.16448770523073
1545-ACTAS,4149.0,0.584269642829895,143.93077984809878
2896-TBNBE,5831.0,0.41428571939468384,143.25600238323213
8735-IJJEG,4113.0,0.584269642829895,142.24808327674867
6510-UPNKS,3238.0,0.7333333492279053,139.96267078399657
3173-NVMPX,3246.0,0.7272727489471436,138.85818744659423
9248-OJYKK,5698.0,0.41428571939468384,138.8480023288727
1047-NNCBF,4038.0,0.584269642829895,138.7424654197693
7639-SUPCW,5317.0,0.4399999976158142,137.15839898586273
5002-GCQFH,5643.0,0.41428571939468384,137.02514516353608
0224-HJAPT,4001.0,0.584269642829895,137.0130272769928
7978-DKUQH,5632.0,0.41428571939468384,136.66057373046874
8496-EJAUI,5620.0,0.41428571939468384,136.26285943984985
4114-QMKVN,2560.0,0.9090909361839294,136.18182373046875
0621-TSSMU,3981.0,0.584269642829895,136.078195848465
1000-AJSLD,3198.0,0.7272727489471436,136.0654600906372
5108-ADXWO,3192.0,0.7272727489471436,135.71636917114256
5134-IKDAY,3967.0,0.584269642829895,135.42381384849548
6546-OPBBH,3185.0,0.7272727489471436,135.30909643173217
9350-VLHMB,5586.0,0.41428571939468384,135.1360022830963
7547-EKNFS,3856.0,0.6000000238418579,135.08800735473633
6047-YHPVI,5393.0,0.4285714328289032,134.902858979702
5847-MXBEO,5250.0,0.4399999976158142,134.79999899864197
5519-YLDGW,3949.0,0.584269642829895,134.58246556282046
5233-GEEAX,5242.0,0.4399999976158142,134.51839900016785
8937-RDTHP,3161.0,0.7272727489471436,133.91273275375366
4598-ZADCK,5510.0,0.41428571939468384,132.61714510917665
4759-PXTAN,5184.0,0.4399999976158142,132.47679901123047
4514-GFCFI,5503.0,0.41428571939468384,132.3851451063156
4797-AXPXK,5295.0,0.4285714328289032,131.54285894632338
7605-SNLQG,5157.0,0.4399999976158142,131.5263990163803
8938-UMKPI,5269.0,0.4285714328289032,130.65143036603928
9314-QDMDW,2473.0,0.9090909361839294,129.8545508146286
4785-QRJHC,5413.0,0.41428571939468384,129.4022879266739
0504-HHAPI,3074.0,0.7272727489471436,128.85091442108154
8914-RBTSB,5392.0,0.41428571939468384,128.70628791809082
5876-HZVZM,6492.0,0.343137264251709,128.2117695617676
9776-CLUJA,5029.0,0.4399999976158142,127.02079904079437
1391-UBDAR,3042.0,0.7272727489471436,126.98909618377684
1218-VKFPE,5324.0,0.41428571939468384,126.45257360458373
2905-KFQUV,3769.0,0.584269642829895,126.16898270606995
9919-KNPOO,6405.0,0.343137264251709,125.8235342025757
0278-YXOOG,5285.0,0.41428571939468384,125.16000216007234
5073-RZGBK,4969.0,0.4399999976158142,124.90879905223846
9992-RRAMN,3739.0,0.584269642829895,124.76673556327822
8731-WBBMB,5261.0,0.41428571939468384,124.36457357883452
9121-PHQSR,5261.0,0.41428571939468384,124.36457357883452
6918-UMQCG,5251.0,0.41428571939468384,124.0331450033188
9619-GSATL,5249.0,0.41428571939468384,123.96685928821563
2824-MYYBN,5247.0,0.41428571939468384,123.9005735731125
8020-BWHYL,2987.0,0.7272727489471436,123.78909608840942
4565-EVZMJ,3601.0,0.6000000238418579,122.84800686836243
4547-LYTDD,2968.0,0.7272727489471436,122.68364151000975
8262-COGGB,3683.0,0.584269642829895,122.1492075634003
8887-IPQNC,4842.0,0.4399999976158142,120.43839907646179
8580-AECUZ,4839.0,0.4399999976158142,120.332799077034
8878-HMWBV,6183.0,0.343137264251709,119.72941638946534
4369-HTUIF,4940.0,0.4285714328289032,119.37143025398254
7234-KMNRQ,2905.0,0.7272727489471436,119.01818685531615
3722-WPXTK,2904.0,0.7272727489471436,118.96000503540037
4403-BWPAY,6153.0,0.343137264251709,118.90588695526125
3765-JXVKY,6150.0,0.343137264251709,118.82353401184082
8818-DOPVL,6136.0,0.343137264251709,118.43922027587891
9136-ALYBR,5080.0,0.41428571939468384,118.36571636199952
3951-NJCVI,2893.0,0.7272727489471436,118.32000501632689
1644-IRKSF,3583.0,0.584269642829895,117.47505042076111
0639-TSIQW,3579.0,0.584269642829895,117.28808413505556
2087-QAREY,2868.0,0.7272727489471436,116.8654595184326
4074-SJFFA,2291.0,0.9090909361839294,116.61818678379058
7817-OMJNA,5016.0,0.41428571939468384,116.24457347869873
4583-PARNH,2856.0,0.7272727489471436,116.16727767944334
4871-JTKJF,5000.0,0.41428571939468384,115.71428775787354
2254-DLXRI,4995.0,0.41428571939468384,115.54857347011566
8873-TMKGR,6019.0,0.343137264251709,115.22745548248292
1794-SWWKL,4969.0,0.41428571939468384,114.6868591737747
5356-CSVSQ,5983.0,0.343137264251709,114.239220161438
0537-QYZZN,5971.0,0.343137264251709,113.90980838775636
0396-HUJBP,4650.0,0.4399999976158142,113.67999911308289
4770-QAZXN,4886.0,0.41428571939468384,111.93600199699401
8263-OKETD,5877.0,0.343137264251709,111.32941616058352
1020-JPQOW,5868.0,0.343137264251709,111.08235733032228
9474-PHLYD,5838.0,0.343137264251709,110.25882789611816
2933-FILNV,2754.0,0.7272727489471436,110.23273204803465
0612-RTZZA,5831.0,0.343137264251709,110.06667102813722
0701-TJSEF,4815.0,0.41428571939468384,109.5828591108322
1585-MQSSU,5787.0,0.343137264251709,108.85882785797119
6557-BZXLQ,5786.0,0.343137264251709,108.83137687683106
0549-CYCQN,4509.0,0.4399999976158142,108.7167991399765
6072-NUQCB,3364.0,0.584269642829895,107.23864627838137
4847-TAJYI,2701.0,0.7272727489471436,107.14909559249878
8182-PNAGI,4741.0,0.41428571939468384,107.13028765201568
9793-WECQC,2677.0,0.7333333492279053,107.05067007064818
7895-VONWT,5720.0,0.343137264251709,107.01961212158204
2603-HVKCG,5653.0,0.343137264251709,105.18039638519289
2740-JFBOK,2893.0,0.6666666865348816,104.293337931633
3190-FZATL,5605.0,0.343137264251709,103.86274929046633
4732-RRJZC,5600.0,0.343137264251709,103.72549438476562
0373-AIVNJ,3199.0,0.6000000238418579,103.55200610160827
7310-EGVHZ,2637.0,0.7272727489471436,103.4254591178894
8720-RQSBJ,4628.0,0.41428571939468384,103.38514474868774
6648-INWPS,3273.0,0.584269642829895,102.98516327857973
5201-FRKKS,5566.0,0.343137264251709,102.792161026001
0297-RBCSG,5546.0,0.343137264251709,102.24314140319825
1818-ESQMW,4584.0,0.41428571939468384,101.92685901641846
5269-NRGDP,4278.0,0.4399999976158142,100.58559918403625
5561-NWEVX,5482.0,0.343137264251709,100.4862786102295
8681-ICONS,2578.0,0.7272727489471436,99.9927317428589
5993-BQHEA,4524.0,0.41428571939468384,99.93828756332397
2908-ZTPNF,4254.0,0.4399999976158142,99.74079918861389
2690-DVRVK,4512.0,0.41428571939468384,99.54057327270507
3315-IKYZQ,3114.0,0.6000000238418579,99.47200593948364
0925-VYDLG,2565.0,0.7272727489471436,99.23636808395386
6818-DJXAA,5432.0,0.343137264251709,99.11372955322267
5493-SDRDQ,5432.0,0.343137264251709,99.11372955322267
3808-HFKDE,4499.0,0.41428571939468384,99.1097161245346
1397-XKKWR,3182.0,0.584269642829895,98.7316802787781
3097-NNSPB,2548.0,0.7272727489471436,98.24727714538574
2826-DXLQO,4320.0,0.4285714328289032,98.11428718566893
1820-TQVEV,4452.0,0.41428571939468384,97.55200181961061
0886-QGENL,5364.0,0.343137264251709,97.24706283569338
6383-ZTSIW,4180.0,0.4399999976158142,97.13599920272827
9050-IKDZA,2524.0,0.7272727489471436,96.85091346740722
4503-BDXBD,4430.0,0.41428571939468384,96.82285895347596
0822-QGCXA,5340.0,0.343137264251709,96.5882392883301
3275-RHRNE,5334.0,0.343137264251709,96.42353340148927
1658-TJVOA,5302.0,0.343137264251709,95.5451020050049
4680-KUTAJ,4384.0,0.41428571939468384,95.29828750610352
1222-KJNZD,2467.0,0.7333333492279053,94.73066980361938
5569-IDSEY,6139.0,0.29411765933036804,94.44706485033038
9317-WZPGV,4356.0,0.41428571939468384,94.37028749465944
3707-GNWHM,3079.0,0.584269642829895,93.91729842185975
7442-YGZFK,2457.0,0.7272727489471436,92.95273153305052
7136-IHZJA,3057.0,0.584269642829895,92.88898385047915
9261-WDCAF,4304.0,0.41428571939468384,92.64685890197754
7586-ZATGZ,3050.0,0.584269642829895,92.56179285049438
9172-ANCRX,3042.0,0.584269642829895,92.18786027908325
0708-LGSMF,3041.0,0.584269642829895,92.14111870765686
4929-ROART,3039.0,0.584269642829895,92.0476355648041
8634-MPHTR,4283.0,0.41428571939468384,91.95085889339447
9391-EOYLI,2436.0,0.7272727489471436,91.73091331481933
7614-QVWQL,2414.0,0.7333333492279053,91.62133640289306
0112-QAWRZ,5139.0,0.343137264251709,91.07059207916262
4351-QLCSU,2420.9999999999995,0.7272727489471436,90.85818601608273
2692-BUCFV,2420.9999999999995,0.7272727489471436,90.85818601608273
2363-BJLSL,5131.0,0.343137264251709,90.85098423004152
9921-EZKBY,5985.0,0.29411765933036804,90.82353528738022
6502-MJQAE,5118.0,0.343137264251709,90.49412147521974
8738-JOKAR,2404.0,0.7272727489471436,89.86909507751463
6481-ESCNL,5094.0,0.343137264251709,89.83529792785646
5067-DGXLL,5029.0,0.343137264251709,88.05098415374758
6992-TKNYO,5028.0,0.343137264251709,88.02353317260744
3585-ISXZP,5027.0,0.343137264251709,87.99608219146731
6680-WKXRZ,2952.0,0.584269642829895,87.98111885070801
7184-LRUUR,5014.0,0.343137264251709,87.63921943664553
3761-FLYZI,5148.0,0.3333333432674408,87.28000409126281
8062-YBDOE,4980.0,0.343137264251709,86.70588607788088
1898-JSNDC,2330.0,0.7333333492279053,86.69333629608155
8993-PHFWD,4970.0,0.343137264251709,86.4313762664795
6860-YRJZP,4111.0,0.41428571939468384,86.25028739452361
1085-LDWAM,5775.0,0.29411765933036804,85.88235861063004
3739-YBWAB,2312.0,0.7333333492279053,85.63733627319337
7108-DGVUU,4941.0,0.343137264251709,85.63529781341555
6278-FEPBZ,2317.0,0.7272727489471436,84.80727674484251
7137-NAXML,2876.0,0.584269642829895,84.42875942230225
2250-IVBWA,4045.0,0.41428571939468384,84.06285879611968
3763-GCZHZ,4038.0,0.41428571939468384,83.83085879325867
1091-SOZGA,4873.0,0.343137264251709,83.76863109588624
4735-ASGMA,4868.0,0.343137264251709,83.63137619018556
0516-VRYBW,2847.0,0.584269642829895,83.07325385093691
3307-TLCUD,4847.0,0.343137264251709,83.05490558624268
8481-YYXWG,4806.0,0.343137264251709,81.92941535949709
0956-SYCWG,4800.0,0.343137264251709,81.76470947265625
0315-LVCRK,2742.0,0.6000000238418579,81.61600522994996
3096-GKWEB,6432.0,0.2554744482040405,81.4569320678711
7239-HZZCX,5585.0,0.29411765933036804,81.41177018880845
0347-UBKUZ,4780.0,0.343137264251709,81.21568984985353
3627-FCRDW,2803.0,0.584269642829895,81.01662470817567
8217-QYOHV,2230.0,0.7333333492279053,80.82666950225831
0447-BEMNG,5559.0,0.29411765933036804,80.80000545740128
1450-GALXR,4761.0,0.343137264251709,80.69412120819092
8844-TONUD,3941.0,0.41428571939468384,80.61600161075592
6345-ULYRW,4745.0,0.343137264251709,80.25490550994874
7976-CICYS,2236.0,0.7272727489471436,80.09454933166504
8631-WUXGY,5525.0,0.29411765933036804,80.00000542402267
2386-OWURY,4735.0,0.343137264251709,79.98039569854737
1319-YLZJG,6351.0,0.2554744482040405,79.80145764350891
9617-INGJY,3684.0,0.4399999976158142,79.67679929733276
9036-CSKBW,4722.0,0.343137264251709,79.62353294372559
4193-ORFCL,6321.0,0.2554744482040405,79.18831896781921
9576-ANLXO,2757.0,0.584269642829895,78.86651242256167
0406-BPDVR,2206.0,0.7272727489471436,78.34909473419188
5027-QPKTE,4671.0,0.343137264251709,78.22353290557862
9090-SGQXL,5446.0,0.29411765933036804,78.14118181705476
4236-UJPWO,4640.0,0.343137264251709,77.37255249023438
8317-BVKSO,2159.0,0.7333333492279053,76.6613360786438
2801-NISEI,4614.0,0.343137264251709,76.65882698059083
1173-XZPYF,4606.0,0.343137264251709,76.43921913146974
8884-ADFVN,5370.0,0.29411765933036804,76.35294644832612
1697-BCSHV,2632.0,0.6000000238418579,76.3360050201416
2761-OCIAX,4601.0,0.343137264251709,76.30196422576905
6137-MFAJN,2169.0,0.7272727489471436,76.19636739730835
2519-FAKOD,6156.0,0.2554744482040405,75.81605625152588
6693-DJWTY,6111.0,0.2554744482040405,74.89634823799133
2188-SXWVT,2123.0,0.7333333492279053,74.54933603286743
7813-ZGGAW,4531.0,0.343137264251709,74.38039554595949
0872-JCPIB,2325.0,0.6666666865348816,74.00000369548798
0980-PVMRC,3514.0,0.4399999976158142,73.69279932975769
2208-UGTGR,3727.0,0.41428571939468384,73.52343009471893
1626-ERCMM,3722.0,0.41428571939468384,73.35771580696107
4220-TINQT,6016.0,0.2554744482040405,72.95474243164062
3091-FYHKI,5225.0,0.29411765933036804,72.94118160009386
2830-LEWOA,4465.0,0.343137264251709,72.56863079071046
7753-USQYQ,4463.0,0.343137264251709,72.51372882843019
3884-HCSWG,5984.0,0.2554744482040405,72.30072784423828
6341-AEVKX,5193.0,0.29411765933036804,72.18824039220812
5127-BZENZ,5977.0,0.2554744482040405,72.15766215324402
4229-CZMLL,5942.0,0.2554744482040405,71.4423336982727
2371-JUNGC,5928.0,0.2554744482040405,71.15620231628418
5947-SGKCL,3530.0,0.4285714328289032,71.02857263088225
7005-CCBKV,2587.0,0.584269642829895,70.92044528007509
3753-TSEMP,5913.0,0.2554744482040405,70.84963297843933
2581-VKIRT,2058.0,0.7333333492279053,70.73600261688232
9518-XXBXE,5907.0,0.2554744482040405,70.72700524330139
7820-ZYGNY,5905.0,0.2554744482040405,70.68612933158875
0674-DGMAQ,2072.0000000000005,0.7272727489471436,70.55273086547854
8270-RKSAP,5890.0,0.2554744482040405,70.3795599937439
9495-REDIY,4382.0,0.343137264251709,70.29019935607911
4248-HCETZ,5882.0,0.2554744482040405,70.21605634689331
6927-WTFIV,2065.0,0.7272727489471436,70.1454581260681
2911-WDXMV,2064.0,0.7272727489471436,70.08727630615233
1848-LBZHY,2561.0,0.584269642829895,69.7051644229889
1732-VHUBQ,2054.0000000000005,0.7272727489471436,69.50545810699465
9629-NHXFW,5845.0,0.2554744482040405,69.45985198020935
7801-CEDNV,5833.0,0.2554744482040405,69.21459650993347
4584-LBNMK,5832.0,0.2554744482040405,69.19415855407715
9968-FFVVH,3380.0,0.4399999976158142,68.97599935531616
6088-BXMRG,4334.0,0.343137264251709,68.97255226135255
3797-FKOGQ,5816.0,0.2554744482040405,68.86715126037598
7156-MXBJE,5807.0,0.2554744482040405,68.68320965766907
5975-BAICR,5787.0,0.2554744482040405,68.2744505405426
6705-LXORM,5774.0,0.2554744482040405,68.0087571144104
1038-ZAGBI,3351.0,0.4399999976158142,67.95519936084747
6351-SCJKT,2026.0,0.7272727489471436,67.87636714935303
5575-GNVDE,5766.0,0.2554744482040405,67.84525346755981
5183-SNMJQ,3553.0,0.41428571939468384,67.75657288074494
2165-VOEGB,5761.0,0.2554744482040405,67.7430636882782
5605-IYGFG,5755.0,0.2554744482040405,67.62043595314026
2079-FBMZK,4284.0,0.343137264251709,67.60000320434571
7343-EOBEU,3542.0,0.41428571939468384,67.39200144767761
1698-XFZCI,5742.0,0.2554744482040405,67.35474252700806
6048-QBXKL,2016.0,0.7272727489471436,67.2945489501953
1337-BOZWO,5730.0,0.2554744482040405,67.10948705673218
9367-WXLCH,5728.0,0.2554744482040405,67.06861114501953
1543-LLLFT,5722.0,0.2554744482040405,66.94598340988159
2026-TGDHM,5715.0,0.2554744482040405,66.80291771888733
7994-XIRTR,2003.0,0.7272727489471436,66.53818529129028
1767-TGTKO,5695.0,0.2554744482040405,66.39415860176086
7269-JISCY,3509.0,0.41428571939468384,66.29828714847565
1891-UAWWU,4928.0,0.29411765933036804,65.9529460144043
9259-PACGQ,5655.0,0.2554744482040405,65.57664036750793
5318-IXUZF,5651.0,0.2554744482040405,65.49488854408264
7249-WBIYX,5651.0,0.2554744482040405,65.49488854408264
0848-ZGQIJ,5634.0,0.2554744482040405,65.14744329452515
7018-WBJNK,5605.0,0.2554744482040405,64.55474257469177
7479-NITWS,5598.0,0.2554744482040405,64.41167688369751
2874-YXVVA,5595.0,0.2554744482040405,64.35036301612854
1228-ZLNBX,2142.0,0.6666666865348816,64.24000340461731
3440-JPSCL,5587.0,0.2554744482040405,64.18685936927795
8808-ELEHO,5573.0,0.2554744482040405,63.90072798728943
9776-OJUZI,4145.0,0.343137264251709,63.78431682586671
4603-JANFB,5560.0,0.2554744482040405,63.63503456115723
9364-YKUVW,5557.0,0.2554744482040405,63.57372069358826
2215-ZAFGX,5555.0,0.2554744482040405,63.53284478187561
1216-JWVUX,5546.0,0.2554744482040405,63.3489031791687
9693-XMUOB,4123.0,0.343137264251709,63.180395240783696
8120-JDCAM,2420.0,0.584269642829895,63.11460285186769
4558-CGYCZ,5530.0,0.2554744482040405,63.02189588546753
6128-DAFVY,5518.0,0.2554744482040405,62.77664041519165
5944-UGLLK,5504.0,0.2554744482040405,62.490509033203125
2923-ARZLG,3394.0,0.41428571939468384,62.48685853004456
9490-DFPMD,5482.0,0.2554744482040405,62.040874004364014
0742-MOABM,5461.0,0.2554744482040405,61.611676931381226
1226-IENZN,5454.0,0.2554744482040405,61.46861124038696
4323-ELYYB,5448.0,0.2554744482040405,61.34598350524902
2227-JRSJX,5421.0,0.2554744482040405,60.794158697128296
4998-IKFSE,5413.0,0.2554744482040405,60.63065505027771
7665-VIGUD,2361.9999999999995,0.584269642829895,60.40359170913695
1776-SPBWV,5401.0,0.2554744482040405,60.38539958000183
6734-CKRSM,5375.0,0.2554744482040405,59.85401272773743
5868-YWPDW,6433.0,0.21276596188545227,59.497874624729164
0872-NXJYS,3964.0,0.343137264251709,58.815689239501964
8033-ATFAS,3278.0,0.41428571939468384,58.642287054061896
6350-XFYGW,3277.0,0.41428571939468384,58.609144196510314
8999-XXGNS,5299.0,0.2554744482040405,58.30072808265686
1194-HVAIF,2317.0,0.584269642829895,58.300220994949356
6379-RXJRQ,5295.0,0.2554744482040405,58.21897625923157
9079-LWTFD,4599.0,0.29411765933036804,58.21176922082903
7054-LGEQW,5282.0,0.2554744482040405,57.953282833099365
0666-UXTJO,5277.0,0.2554744482040405,57.85109305381775
1261-FWTTE,5269.0,0.2554744482040405,57.68758940696716
0947-IDHRQ,3916.0,0.343137264251709,57.4980421447754
3672-YITQD,5258.0,0.2554744482040405,57.46277189254761
3847-BAERP,3902.0,0.343137264251709,57.113728408813486
0289-IVARM,5221.0,0.2554744482040405,56.70656752586365
8910-LEDAG,4535.0,0.29411765933036804,56.70588680505753
3733-UOCWF,6259.0,0.21276596188545227,56.53617243528366
6172-FECYY,6250.0,0.21276596188545227,56.382980942726135
3644-QXEHN,3875.0,0.343137264251709,56.3725519180298
2550-QHZGP,6230.0,0.21276596188545227,56.042555403709414
0080-OROZO,5188.0,0.2554744482040405,56.03211498260498
2133-TSRRM,5184.0,0.2554744482040405,55.95036315917969
4459-BBGHE,5183.0,0.2554744482040405,55.929925203323364
2003-CKLOR,3857.0,0.343137264251709,55.87843425750734
9442-JTWDL,5179.0,0.2554744482040405,55.84817337989807
4716-MRVEN,3853.0,0.343137264251709,55.768630332946785
4121-AGSIN,5168.0,0.2554744482040405,55.623355865478516
8652-YHIYU,5156.0,0.2554744482040405,55.37810039520264
1226-UDFZR,5151.0,0.2554744482040405,55.27591061592102
9909-IDLEK,5140.0,0.2554744482040405,55.051093101501465
5701-ZIKJE,5133.0,0.2554744482040405,54.9080274105072
0311-UNPFF,5129.0,0.2554744482040405,54.82627558708191
8325-QRPZR,2241.0,0.584269642829895,54.74786156654359
3235-ETOOB,3157.0,0.41428571939468384,54.632001290321355
3340-QBBFM,6136.0,0.21276596188545227,54.44255537033082
7312-XSBAT,5101.0,0.2554744482040405,54.25401282310486
5159-YFPKQ,5101.0,0.2554744482040405,54.25401282310486
3070-DVEYC,5100.0,0.2554744482040405,54.233574867248535
4484-CGXFK,5093.0,0.2554744482040405,54.09050917625427
3339-EAQNV,5084.0,0.2554744482040405,53.90656757354736
5445-UTODQ,5074.0,0.2554744482040405,53.70218801498413
2809-ILCYT,3123.0,0.41428571939468384,53.50514413356781
9391-DXGGG,5020.0,0.2554744482040405,52.598538398742676
1084-UQCHV,3094.0,0.41428571939468384,52.544001264572145
6114-TCFID,5014.0,0.2554744482040405,52.475910663604736
7876-BEUTG,5007.0,0.2554744482040405,52.332844972610474
7321-VGNKU,4998.0,0.2554744482040405,52.148903369903564
1845-ZLLIG,4986.0,0.2554744482040405,51.903647899627686
5955-ERIHD,4964.0,0.2554744482040405,51.454012870788574
1960-UYCNN,4959.0,0.2554744482040405,51.35182309150696
1264-FUHCX,4952.0,0.2554744482040405,51.208757400512695
9513-DXHDA,3786.0,0.3333333432674408,50.96000300884246
2058-DCJBE,4932.0,0.2554744482040405,50.79999828338623
3045-XETSH,4926.0,0.2554744482040405,50.67737054824829
1963-SVUCV,4915.0,0.2554744482040405,50.452553033828735
4062-HBMOS,4905.0,0.2554744482040405,50.2481734752655
1104-FEJAM,4905.0,0.2554744482040405,50.2481734752655
6223-DHJGV,3016.0,0.41428571939468384,49.95885837554931
2972-YDYUW,4888.0,0.2554744482040405,49.90072822570801
0956-ACVZC,4870.0,0.2554744482040405,49.53284502029419
1131-SUEKT,2901.0,0.4285714328289032,49.46285813093185
8158-WPEZG,3617.0,0.343137264251709,49.290198783874516
6870-ECSHE,4858.0,0.2554744482040405,49.28758955001831
0565-IYCGT,4854.0,0.2554744482040405,49.20583772659302
7305-ZWMAJ,4207.0,0.29411765933036804,48.98823942422868
9281-OFDMF,4836.0,0.2554744482040405,48.8379545211792
0880-TKATG,4807.0,0.2554744482040405,48.245253801345825
3709-OIJEA,5916.0,0.2075471729040146,48.22792599201202
4658-HCOHW,3571.0,0.343137264251709,48.02745365142823
4285-GYRQC,4796.0,0.2554744482040405,48.02043628692627
7321-PKUYW,4788.0,0.2554744482040405,47.856932640075684
1402-PTHGN,4785.0,0.2554744482040405,47.795618772506714
3955-JBZZM,4785.0,0.2554744482040405,47.795618772506714
6598-RFFVI,4778.0,0.2554744482040405,47.65255308151245
3716-BDVDB,5733.0,0.21276596188545227,47.58298075914384
6229-LSCKB,2944.0,0.41428571939468384,47.57257263183594
4646-QZXTF,4768.0,0.2554744482040405,47.44817352294922
2043-WVTQJ,2075.0,0.584269642829895,46.98876070976259
3696-XRIEN,4745.0,0.2554744482040405,46.978100538253784
3692-JHONH,5659.0,0.21276596188545227,46.32340626478195
4741-WWJQZ,4709.0,0.2554744482040405,46.24233412742615
3012-VFFMN,2895.0,0.41428571939468384,45.94857261180877
8160-HOWOX,4691.0,0.2554744482040405,45.87445092201233
6661-EIPZC,4673.0,0.2554744482040405,45.50656771659851
2082-CEFLT,5736.0,0.2075471729040146,45.23924670219421
2408-TZMJL,4651.0,0.2554744482040405,45.0569326877594
1965-AKTSX,4639.0,0.2554744482040405,44.81167721748352
1360-JYXKQ,5707.0,0.2075471729040146,44.75773726105689
7950-XWOVN,2025.0000000000005,0.584269642829895,44.65168213844302
2495-KZNFB,4631.0,0.2554744482040405,44.648173570632935
8617-ENBDS,4629.0,0.2554744482040405,44.60729765892029
4872-VXRIL,3444.0,0.343137264251709,44.54117904663087
4083-BFNYK,5552.0,0.21276596188545227,44.50212963104248
2338-BQEZT,4620.0,0.2554744482040405,44.42335605621338
5597-GLBUC,4616.0,0.2554744482040405,44.341604232788086
8812-ZRHFP,4599.0,0.2554744482040405,43.99415898323059
1024-KPRBB,4576.0,0.2554744482040405,43.524085998535156
4846-WHAFZ,5493.0,0.21276596188545227,43.497874290943145
5018-LXQQG,4564.0,0.2554744482040405,43.27883052825928
2122-SZZZD,4563.0,0.2554744482040405,43.258392572402954
8715-KKTFG,3387.0,0.343137264251709,42.97647312164307
9360-OMDZZ,2640.0,0.4399999976158142,42.92799949645996
6286-SUUWT,4531.0,0.2554744482040405,42.60437798500061
4423-JWZJN,5428.0,0.21276596188545227,42.3914912891388
8436-BJUMM,3365.0,0.343137264251709,42.37255153656007
2586-CWXVV,4519.0,0.2554744482040405,42.35912251472473
3282-ZISZV,3364.0,0.343137264251709,42.34510055541993
1697-NVVGY,5422.0,0.21276596188545227,42.28936362743379
3066-RRJIO,4507.0,0.2554744482040405,42.11386704444885
9898-KZQDZ,3351.0,0.343137264251709,41.98823780059816
5196-SGOAK,4497.0,0.2554744482040405,41.90948748588562
9626-VFRGG,4490.0,0.2554744482040405,41.76642179489136
0319-QZTCO,5384.0,0.21276596188545227,41.642555103302
8564-LDKFL,5379.0,0.21276596188545227,41.55744871854783
7410-KTVFV,5498.0,0.2075471729040146,41.28754853010177
9505-SQFSW,4452.0,0.2554744482040405,40.989779472351074
6627-CFOSN,3300.0,0.343137264251709,40.588237762451186
0575-CUQOV,5441.0,0.2075471729040146,40.341133421659464
2034-CGRHZ,4420.0,0.2554744482040405,40.33576488494873
4080-IIARD,4408.0,0.2554744482040405,40.09050941467285
1840-BIUOG,4391.0,0.2554744482040405,39.743064165115356
5950-AAAGJ,4389.0,0.2554744482040405,39.70218825340271
6778-JFCMK,4388.0,0.2554744482040405,39.68175029754639
9546-CQJSU,5380.0,0.2075471729040146,39.328303217887864
5889-JTMUL,4368.0,0.2554744482040405,39.27299118041992
3027-ZTDHO,5227.0,0.21276596188545227,38.97021462202072
8735-NBLWT,3233.0,0.343137264251709,38.74902202606202
5405-ZMYXQ,4320.0,0.2554744482040405,38.291969299316406
3694-DELSO,4310.0,0.2554744482040405,38.087589740753174
7156-MHUGY,4304.0,0.2554744482040405,37.964962005615234
8417-GSODA,5157.0,0.21276596188545227,37.77872523546219
0225-ZORZP,4291.0,0.2554744482040405,37.69926857948303
7398-SKNQZ,5271.0,0.2075471729040146,37.518491870164866
0701-RFGFI,4281.0,0.2554744482040405,37.4948890209198
2560-QTSBS,4277.0,0.2554744482040405,37.41313719749451
0578-SKVMF,4265.0,0.2554744482040405,37.16788172721863
3703-VAVCL,4258.0,0.2554744482040405,37.024816036224365
1907-YLNYW,3155.0,0.343137264251709,36.60784549713135
3115-JPJDD,3149.0,0.343137264251709,36.44313961029053
3668-QPYBK,5039.0,0.21276596188545227,35.77021455526352
3551-HUAZH,3104.0,0.343137264251709,35.20784545898438
3128-YOVTD,4998.0,0.21276596188545227,35.07234220027924
4343-EJVQB,4159.0,0.2554744482040405,35.001458406448364
4833-QTJNO,3080.0,0.343137264251709,34.5490219116211
2100-BDNSN,4131.0,0.2554744482040405,34.42919564247131
4633-MKHYU,4118.0,0.2554744482040405,34.16350221633911
0402-CQAJN,4110.0,0.2554744482040405,33.999998569488525
2947-DOMLJ,4925.0,0.21276596188545227,33.829788982868195
8728-SKJLR,4093.0,0.2554744482040405,33.65255331993103
9840-DVNDC,4084.0,0.2554744482040405,33.46861171722412
3055-OYMSE,4079.0,0.2554744482040405,33.366421937942505
3915-ODIYG,2511.0,0.41428571939468384,33.22171531200409
2592-SEIFQ,4058.0,0.2554744482040405,32.93722486495972
7338-ERIVA,2499.0,0.41428571939468384,32.8240010213852
8189-HBVRW,4987.0,0.2075471729040146,32.80302010178565
5219-YIPTK,4047.0,0.2554744482040405,32.71240735054016
7460-ITWWP,4852.0,0.21276596188545227,32.58723576545715
2568-BRGYX,4036.0,0.2554744482040405,32.487589836120605
7660-HDPJV,4958.0,0.2075471729040146,32.32151066064834
9143-CANJF,4954.0,0.2075471729040146,32.25509556531905
4433-JCGCG,4022.0,0.2554744482040405,32.20145845413208
3736-BLEPA,4021.0,0.2554744482040405,32.18102049827576
8225-BTJAU,4823.0,0.21276596188545227,32.093618733882906
1271-SJBGZ,4015.0,0.2554744482040405,32.05839276313782
7252-NTGSS,4941.0,0.2075471729040146,32.03924650549888
0239-OXEXL,4011.0,0.2554744482040405,31.976640939712524
7341-LXCAF,4011.0,0.2554744482040405,31.976640939712524
0946-CLJTI,2320.0,0.4399999976158142,31.663999557495117
1833-VGRUM,2463.0,0.41428571939468384,31.630858149528507
9787-XVQIU,4914.0,0.2075471729040146,31.590944612026206
4632-PAOYU,2969.0,0.343137264251709,31.50196300506593
1131-ALZWV,2967.0,0.343137264251709,31.44706104278565
1567-DSCIC,2454.0,0.41428571939468384,31.33257243156433
0128-MKWSG,2440.0,0.41428571939468384,30.868572425842288
6624-JDRDS,4738.0,0.21276596188545227,30.64681019306184
5047-LHVLY,4851.0,0.2075471729040146,30.544906860589975
1492-KGETH,4845.0,0.2075471729040146,30.445284217596054
4238-JSSWH,3918.0,0.2554744482040405,30.075911045074463
1194-SPVSP,3918.0,0.2554744482040405,30.075911045074463
3707-LRWZD,3913.0,0.2554744482040405,29.973721265792847
2920-RNCEZ,2405.0,0.41428571939468384,29.708572411537176
2925-MXLSX,3900.0,0.2554744482040405,29.708027839660645
1257-SXUXQ,3889.0,0.2554744482040405,29.48321032524109
4753-PADAS,4667.0,0.21276596188545227,29.438299529552467
7632-MNYOY,2251.0000000000005,0.4399999976158142,29.235199570655837
0220-EBGCE,3854.0,0.2554744482040405,28.767881870269775
9931-DCEZH,2860.0,0.343137264251709,28.50980606079102
3995-WFCSM,2850.0000000000005,0.343137264251709,28.235296249389663
2612-RRIDN,4596.0,0.21276596188545227,28.229788866043094
2709-UQGNP,3820.0,0.2554744482040405,28.072991371154785
4986-MXSFP,3809.0,0.2554744482040405,27.84817385673523
6668-CNMFP,6161.0,0.15789473056793213,27.823154802322392
8022-BECSI,2833.0,0.343137264251709,27.768629570007334
2737-YNGYW,3796.0,0.2554744482040405,27.582480430603027
6876-ADESB,4533.0,0.21276596188545227,27.15744841814042
3785-NRHYR,3766.0,0.2554744482040405,26.96934175491333
5028-GZLDO,3758.0,0.2554744482040405,26.805838108062744
0235-KGSLC,2181.0,0.4399999976158142,26.771199584007263
5201-USSQZ,2793.0,0.343137264251709,26.670590324401857
5461-QKNTN,4612.0,0.2075471729040146,26.57660491466521
8490-BXHEO,2173.9999999999995,0.4399999976158142,26.524799585342393
6745-JEFZB,4573.0,0.2075471729040146,25.929057735204694
9046-JBFWA,3708.0,0.2554744482040405,25.783940315246582
3401-URHDA,4549.0,0.2075471729040146,25.53056716322898
2812-SFXMJ,4545.0,0.2075471729040146,25.464152067899704
9681-KYGYB,4522.0,0.2075471729040146,25.082265269756306
5214-CHIWJ,3660.0,0.2554744482040405,24.802918434143066
8155-IBNHG,5918.0,0.15789473056793213,24.75368124008179
8065-QBYTO,4389.0,0.21276596188545227,24.706384537220003
2883-ILGWO,2721.0,0.343137264251709,24.69411968231202
2697-NQBPF,3654.0,0.2554744482040405,24.680290699005127
0983-TATYJ,3638.0,0.2554744482040405,24.353283405303955
7929-DMBCV,4476.0,0.2075471729040146,24.318491673469538
4077-CROMM,3636.0,0.2554744482040405,24.31240749359131
9571-EDEBV,3631.0,0.2554744482040405,24.210217714309692
0052-DCKON,3630.0,0.2554744482040405,24.18977975845337
7481-ATQQS,3618.0,0.2554744482040405,23.94452428817749
7382-DFJTU,2681.0,0.343137264251709,23.596080436706544
5380-AFSSK,3599.0,0.2554744482040405,23.55620312690735
3007-FDPEA,3595.0,0.2554744482040405,23.474451303482056
8739-WWKDU,2675.0,0.343137264251709,23.431374549865723
5204-QZXPU,3587.0,0.2554744482040405,23.31094765663147
2516-VQRRV,2656.0,0.343137264251709,22.909805908203126
5499-ECUTN,5770.0,0.15789473056793213,22.884207630157476
2054-PJOCK,3087.0,0.29411765933036804,22.635297148227693
4597-NUCQV,3545.0,0.2554744482040405,22.452553510665894
0068-FIGTF,2636.0,0.343137264251709,22.360786285400394
0409-WTMPL,3535.0,0.2554744482040405,22.24817395210266
7410-OIEDU,4345.0,0.2075471729040146,22.14339730143547
4508-OEBEY,4222.0,0.21276596188545227,21.86383128643037
7743-EXURX,4207.0,0.21276596188545227,21.608512132167817
5995-SNNEW,3503.0,0.2554744482040405,21.594159364700317
2466-FCCPT,3477.0,0.2554744482040405,21.062772512435913
9835-ZIITK,3476.0,0.2554744482040405,21.04233455657959
8745-PVESG,3475.0,0.2554744482040405,21.021896600723267
3891-PUQOD,4270.0,0.2075471729040146,20.898114264011383
2273-QCKXA,3460.0,0.2554744482040405,20.715327262878418
6674-KVJHG,4132.0,0.21276596188545227,20.331916360855104
8993-IZEUX,3438.0,0.2554744482040405,20.265692234039307
3323-CPBWR,3422.0,0.2554744482040405,19.938684940338135
1539-LNKHM,3412.0,0.2554744482040405,19.734305381774902
5966-EMAZU,3410.0,0.2554744482040405,19.693429470062256
9107-UKCKY,3407.0,0.2554744482040405,19.632115602493286
4283-IVYCI,3394.0,0.2554744482040405,19.366422176361084
5542-TBBWB,2933.0,0.29411765933036804,19.011767585277568
1910-FMXJM,4152.0,0.2075471729040146,18.938868951797474
2342-CKIAO,3366.0,0.2554744482040405,18.794159412384033
3097-IDVPU,3354.0,0.2554744482040405,18.548903942108154
0030-FNXPP,3350.0,0.2554744482040405,18.46715211868286
1925-LFCZZ,3344.0,0.2554744482040405,18.344524383544922
1998-VHJHK,4014.0,0.21276596188545227,18.323405680656435
9313-CDOGY,3322.0,0.2554744482040405,17.89488935470581
5389-FFVKB,3974.0,0.21276596188545227,17.642554602622994
5778-BVOFB,2040.0000000000005,0.41428571939468384,17.61142940521242
6344-SFJVH,3288.0,0.2554744482040405,17.19999885559082
4644-PIZRT,3287.0,0.2554744482040405,17.179560899734497
9912-OMZDS,3945.0,0.21276596188545227,17.148937571048734
6080-TCMYC,3283.0,0.2554744482040405,17.097809076309204
3748-FVMZZ,4033.0,0.2075471729040146,16.963019865751264
8650-RHRKE,4032.0,0.2075471729040146,16.946416091918934
7912-SYRQT,2437.0,0.343137264251709,16.898041038513185
2637-FKFSY,3265.0,0.2554744482040405,16.729925870895386
8734-FNWVH,4010.0,0.2075471729040146,16.58113306760788
1684-FLBGS,3245.0,0.2554744482040405,16.32116675376892
9639-BUJXT,3244.0,0.2554744482040405,16.300728797912598
3671-SHRSP,2415.0,0.343137264251709,16.294119453430184
4830-FAXFM,2484.0,0.3333333432674408,16.240001974105837
4501-EQDRN,2405.0,0.343137264251709,16.01960964202881
2924-KHUVI,3222.0,0.2554744482040405,15.851093769073486
4789-KWMXN,3215.0,0.2554744482040405,15.708028078079224
3985-HOYPM,3214.0,0.2554744482040405,15.6875901222229
0744-GKNGE,3196.0,0.2554744482040405,15.319706916809082
1813-JLKWR,3194.0,0.2554744482040405,15.278831005096436
9102-IAYHT,3190.0,0.2554744482040405,15.197079181671143
6543-JXSOO,3167.0,0.2554744482040405,14.727006196975708
3312-UUMZW,3160.0,0.2554744482040405,14.583940505981445
4023-RTIQM,3147.0,0.2554744482040405,14.318247079849243
0577-WHMEV,3854.0,0.2075471729040146,13.990944349765769
9850-OWRHQ,3128.0,0.2554744482040405,13.929925918579102
7851-WZEKY,3838.0,0.2075471729040146,13.725283968448636
7279-BUYWN,3116.0,0.2554744482040405,13.684670448303223
4958-GZWIY,3824.0,0.2075471729040146,13.492831134796134
5125-CNDSP,3106.0,0.2554744482040405,13.48029088973999
4801-JZAZL,3101.0,0.2554744482040405,13.378101110458374
5154-VEKBL,3094.0,0.2554744482040405,13.235035419464111
7080-TNUWP,2300.9999999999995,0.343137264251709,13.16470760345458
3948-FVVRP,3682.0,0.21276596188545227,12.672341732978822
9094-AZPHK,2278.0,0.343137264251709,12.533335037231453
3758-CKOQL,3043.0,0.2554744482040405,12.192699670791626
7975-TZMLR,3037.0,0.2554744482040405,12.070071935653687
2038-LLMLM,3032.0,0.2554744482040405,11.96788215637207
8201-AAXCB,3009.0,0.2554744482040405,11.497809171676636
4611-ANLQC,2989.0,0.2554744482040405,11.089050054550171
3982-XWFZQ,2989.0,0.2554744482040405,11.089050054550171
7598-UAASY,3678.0,0.2075471729040146,11.06868015527725
6954-OOYZZ,2984.0,0.2554744482040405,10.986860275268555
3167-SNQPL,4806.0,0.15789473056793213,10.707366008758548
3009-JWMPU,2960.0,0.2554744482040405,10.496349334716797
2480-EJWYP,3618.0,0.2075471729040146,10.07245372533798
2243-FNMMI,2928.0,0.2554744482040405,9.842334747314453
0230-UBYPQ,4725.0,0.15789473056793213,9.684208154678345
2189-UXTKY,2170.0,0.343137264251709,9.568629074096684
5485-WUYWF,4709.0,0.15789473056793213,9.482102899551393
9711-FJTBX,2908.0,0.2554744482040405,9.433575630187988
5842-POCOP,2152.0,0.343137264251709,9.074511413574221
8066-POXGX,3556.0,0.2075471729040146,9.043019747734064
6726-WEXXK,3463.0,0.21276596188545227,8.9446820807457
2599-CZABP,2878.0,0.2554744482040405,8.820436954498291
1867-BDVFH,2872.0,0.2554744482040405,8.697809219360352
2455-USLMV,2857.0,0.2554744482040405,8.391239881515503
6333-YDVLT,3498.0,0.2075471729040146,8.08000086545944
1754-GKYPY,2819.0,0.2554744482040405,7.61459755897522
1264-BYWMS,2815.0,0.2554744482040405,7.532845735549927
9318-NKNFC,2088.0,0.343137264251709,7.317648620605475
6937-GCDGQ,2798.0,0.2554744482040405,7.185400485992432
9223-UCPVT,2081.0,0.343137264251709,7.125491752624519
2483-XSSMZ,2793.0,0.2554744482040405,7.083210706710815
5236-XMZJY,3331.0,0.21276596188545227,6.697873523235323
5373-SFODM,4487.0,0.15789473056793213,6.677892484664916
2665-NPTGL,2061.0,0.343137264251709,6.576472129821781
9637-EIHEQ,2740.0,0.2554744482040405,5.999999046325684
6402-ZFPPI,2738.0,0.2554744482040405,5.959123134613037
3509-GWQGF,2735.0,0.2554744482040405,5.897809267044067
0310-MVLET,2731.0,0.2554744482040405,5.816057443618774
4030-VPZBD,3350.0,0.2075471729040146,5.622642338275902
8904-OPDCK,3256.0,0.21276596188545227,5.421277751922609
5055-MGMGF,2688.0,0.2554744482040405,4.937225341796875
0541-FITGH,2674.0,0.2554744482040405,4.65109395980835
5572-ZDXHY,2664.0,0.2554744482040405,4.446714401245117
5600-PDUJF,3192.0,0.21276596188545227,4.3319160270690915
4945-RVMTE,3266.0,0.2075471729040146,4.227925336360926
5046-NUHWD,3178.0,0.21276596188545227,4.09361814975739
3329-WDIOK,2635.0,0.2554744482040405,3.854013681411743
5480-HPRRX,2632.0,0.2554744482040405,3.7926998138427734
1069-QJOEE,4253.0,0.15789473056793213,3.7221031284332255
9544-PYPSJ,2614.0,0.2554744482040405,3.424816608428955
8383-SGHJU,4221.0,0.15789473056793213,3.3178926181793216
2886-KEFUM,2606.0,0.2554744482040405,3.261312961578369
7126-RBHSD,3192.0,0.2075471729040146,2.9992460727691608
1680-VDCWW,4195.0,0.15789473056793213,2.989471578598021
5482-PLVPE,2587.0,0.2554744482040405,2.8729918003082275
3417-TSCIC,2577.0,0.2554744482040405,2.668612241744995
4451-RWASJ,2569.0,0.2554744482040405,2.505108594894409
8263-JQAIK,3154.0,0.2075471729040146,2.3683026671409593
1135-LMECX,2555.0,0.2554744482040405,2.218977212905884
6583-QGCSI,2546.0,0.2554744482040405,2.0350356101989746
8690-UPCZI,3051.0,0.21276596188545227,1.9319159770011893
8573-CGOCC,2522.0,0.2554744482040405,1.5445246696472168
0023-UYUPN,2508.0,0.2554744482040405,1.2583932876586914
7748-UMTRK,4017.0,0.15789473056793213,0.7410506153106695
6121-VZNQB,4004.0,0.15789473056793213,0.5768400955200192
3244-DCJWY,2469.0,0.2554744482040405,0.46131300926208496
6986-IJDHX,3027.0,0.2075471729040146,0.2596233904361682
9138-EFSMO,2455.0,0.2554744482040405,0.17518162727355957
3658-QQJYD,2452.0,0.2554744482040405,0.11386775970458984
6174-NRBTZ,3017.0,0.2075471729040146,0.09358565211295655
6490-FGZAT,2450.0,0.2554744482040405,0.07299184799194336
